nombre_comercial;forma_farmaceutica
CENTURION;TABLETA
V-IMMUNE;SOLUCION INYECTABLE
SYNACTHEN;SOLUCION INYECTABLE
TRANSLARNA;POLVO GRANULADO PARA RECONSTITUIR A SUSPENSION ORAL
PISACAINA;SOLUCION INYECTABLE
PETINIMID;CAPSULA
CYTOMEL;TABLETA
LEDAGA;GEL
CLOTTAFACT;POLVO LIOFILIZADO PARA RECONSTITUIR A SOLUCION INYECTABLE
SPTREX 2,5;TABLETA
ZEJULA;CAPSULA
TEGSEDI;SOLUCION INYECTABLE
NO REPORTADO;CAPSULA
EXONDYS 51;SOLUCION INYECTABLE
HAEMOCOMPLETTAN;POLVO LIOFILIZADO PARA RECONSTITUIR A SOLUCION INYECTABLE
BIOFERON;POLVO LIOFILIZADO PARA RECONSTITUIR A SOLUCION INYECTABLE
LORBRENA;TAB LETA
SAMSCA;TABLETA
KALYDECO;TABLETA
RISING PHARMACEUTICAL;TABLETA
MYALEPT;POLVO LIOFILIZADO PARA RECONSTITUIR A SOLUCION INYECTABLE
ROSINOX-60;SOLUCION INYECTABLE
ROSINOX-40;SOLUCION INYECTABLE
CHENODAL;TABLETA
KWALTY PHARMACEUTICALS;POLVO LIOFILIZADO PARA RECONSTITUIR A SOLUCION INYECTABLE
CHEMET;CAPSULA
PENEPIN;SOLUCION INYECTABLE
MIDAZOLAM;SOLUCION INYECTABLE
RAXONE;TABLETA
IMMUNOREL;SOLUCION PARA INFUSION
TOLVAHEAL;TABLETA
TRH FERRING;SOLUCION INYECTABLE
METOPIRONE;CAPSULA
NO REPORTADO;POLVO LIOFILIZADO PARA RECONSTITUIR A SOLUCION INYECTABLE
VARITECT CP;SOLUCION INYECTABLE
ROSINOX-80;SOLUCION INYECTABLE
NO REPORTADO;SUSPENSION INYECTABLE
NO REPORTADO;TABLETA
MODAMIDE;TABLETA
TUXADO;SOLUCION INYECTABLE
TUXADO-40;SOLUCION INYECTABLE
MELOMA;POLVO LIOFILIZADO PARA RECONSTITUIR A SOLUCION INYECTABLE
INHEPAR;SOLUCION INYECTABLE
VYONDYS;SOLUCION INYECTABLE
BUSPHALAN;SOLUCION INYECTABLE
WAYLIVRA;SOLUCION INYECTABLE
NO REPORTADO;SOLUCION INYECTABLE
MAGNEFUSIN;SOLUCION INYECTABLE
IMMUNOREL;SOLUCION INYECTABLE
CYTOTINE;SUSPENSION ORAL
FIBRYGA;POLVO LIOFILIZADO PARA RECONSTITUIR A SOLUCION INYECTABLE
ISTODAX;POLVO LIOFILIZADO PARA RECONSTITUIR A SOLUCION INYECTABLE
ENHERTU;POLVO LIOFILIZADO PARA RECONSTITUIR A SOLUCION INYECTABLE
DUNOLDN;SOLUCION INYECTABLE
LIOTHYRONINE SODIUM;TABLETA
PEG DAUNDN;SOLUCION INYECTABLE
LACARNIT;TABLETA
PAR PHARMACEUTICALS;CAPSULA
CAPLIN POINT LABORATORIES;SOLUCION INYECTABLE
FIBROGAMMIN;POLVO LIOFILIZADO PARA RECONSTITUIR A SOLUCION INYECTABLE
ELOVAC-B;SUSPENSION INYECTABLE
ARTANE;TABLETA
KONSINA;SOLUCION INYECTABLE
FASTJEKT;SOLUCION INYECTABLE
REBLOZYL;POLVO LIOFILIZADO PARA RECONSTITUIR A SOLUCION INYECTABLE
BLUE POINT;TABLETA
KOSELUGO;CAPSULAS
PROCYSBI;CAPSULA
IMMUGLO;SOLUCION INYECTABLE
PRADEINA;SOLUCION INYECTABLE
CARUSTINE;POLVO LIOFILIZADO PARA RECONSTITUIR A SOLUCION INYECTABLE
SYNACTHEN DEPOT;SOLUCION INYECTABLE
BEVAC;SUSPENSION INYECTABLE
VESPHALAN;POLVO LIOFILIZADO PARA RECONSTITUIR A SOLUCION INYECTABLE
PETINIMID;JARABE
PEGIHEP;POLVO LIOFILIZADO PARA RECONSTITUIR A SOLUCION INYECTABLE
CELGINASE;POLVO LIOFILIZADO PARA RECONSTITUIR A SOLUCION INYECTABLE
K-PHOS;TABLETA
CLUSTOID;SUSPENSION INYECTABLE
MEDICLONE;POLVO PARA RECONSTITUIR
GLOBAL SERVICE PHARMACEUTICAL;TABLETA
BRUGINASE;POLVO LIOFILIZADO PARA RECONSTITUIR A SOLUCION INYECTABLE
ZARONTIN;JARABE
KOSELUGO;CAPSULA
ASPAROMA;POLVO LIOFILIZADO PARA RECONSTITUIR A SOLUCION INYECTABLE
CREATINE 5000;POLVO GRANULADO PARA RECONSTITUIR A SUSPENSION ORAL
TEPAMED;POLVO LIOFILIZADO PARA RECONSTITUIR A SOLUCION INYECTABLE
TEPADINA;POLVO LIOFILIZADO PARA RECONSTITUIR A SOLUCION INYECTABLE
ALACRAMYN;SOLUCION
ALACRAMYN;POLVO LIOFILIZADO PARA RECONSTITUIR A SOLUCION INYECTABLE
GIVLAARI;SOLUCION INYECTABLE
AMONDYS 45;SOLUCION INYECTABLE
ROSINOX-20;SOLUCION INYECTABLE
ORKAMBI;POLVO PARA RECONSTITUIR SUSPENSION ORAL
NO REPORTADO;JARABE
VIRCHOW;SOLUCION INYECTABLE
CEENU;CAPSULA
LIKA LABS;POLVO LIOFILIZADO PARA RECONSTITUIR A SOLUCION INYECTABLE
MEPHA;TABLETA
THIOMED;POLVO LIOFILIZADO PARA RECONSTITUIR A SOLUCION INYECTABLE
FRESENIUS KABI;SOLUCION INYECTABLE
ONCO BCG 100;POLVO PARA RECONSTITUIR A SUSPENSION
BUVACAINA;SOLUCION INYECTABLE
NO REPORTADO;POLVO PARA CONCENTRADO PARA SOLUCION PARA PERFUSI?N
ENOXATECH-60;SOLUCION INYECTABLE
ENOXATECH-40;SOLUCION INYECTABLE
ENOXATECH-80;SOLUCION INYECTABLE
HB METHYLBLUE;SOLUCION INYECTABLE
LEUCOGINASE;POLVO LIOFILIZADO PARA RECONSTITUIR A SOLUCION INYECTABLE
CYTO Q MAX;SOLUCION
ISTURISA;TABLETA
CYTO-Q;SOLUCION ORAL
PISACAINA 2%;SOLUCION INYECTABLE
PINADRINA;SOLUCION INYECTABLE
ALXOID;SUSPENSION INYECTABLE
HYQVIA;SOLUCION INYECTABLE
BACILLUS CALMETTE GUERIN (BCG CULTURE SSI);POLVO LIOFILIZADO PARA RECONSTITUIR A SOLUCION INYECTABLE
MEKSRATU;SOLUCION INYECTABLE
STRIDES PHARMA;SUSPENSION
MITOTANE;TABLETA
NATPARA;POLVO LIOFILIZADO PARA RECONSTITUIR A SOLUCION INYECTABLE
THROMBITOR;POLVO LIOFILIZADO PARA RECONSTITUIR A SOLUCION INYECTABLE
NO REPORTADO;SUSPENSION ORAL
LIOTHYRONINE T3;TABLETA
SUBGLOBIN;SOLUCION INYECTABLE
KANUMA;SOLUCION INYECTABLE
BUPITROY HEAVY;SOLUCION INYECTABLE
ARACMYN PLUS;POLVO LIOFILIZADO PARA RECONSTITUIR A SOLUCION INYECTABLE
ONCONASE;POLVO LIOFILIZADO PARA RECONSTITUIR A SOLUCION INYECTABLE
TALOXA;TABLETA
RUCONEST;POLVO LIOFILIZADO PARA RECONSTITUIR A SOLUCION INYECTABLE
RUCONEST;SOLUCION INYECTABLE
CYRABOL;POLVO LIOFILIZADO PARA RECONSTITUIR A SOLUCION INYECTABLE
AXOPRIT;CAPSULA
LYSODREN;TABLETA
ALLERJECT;SOLUCION INYECTABLE
GLOMELFA;TABLETA
INCRELEX;SOLUCION INYECTABLE
ABILIFY MAINTENA;POLVO LIOFILIZADO PARA RECONSTITUIR A SOLUCION INYECTABLE
EXKIVITY;CAPSULA
ZARONTIN;CAPSULA
LAMPRENE;CAPSULA
SUPPLY;CAPSULA
RELIFERON;SOLUCION INYECTABLE
TAMBOCOR;TABLETA
CORGARD;TABLETA
TIOTEPA;POLVO LIOFILIZADO PARA RECONSTITUIR A SOLUCION INYECTABLE
VENOX;POLVO LIOFILIZADO PARA RECONSTITUIR A SOLUCION INYECTABLE + DILUYENTE
ALUTEK;SUSPENSION INYECTABLE
SII-ONCO-BCG;POLVO LIOFILIZADO PARA RECONSTITUIR A SOLUCION INYECTABLE
CABOMETYX;TABLETA
ORALTEK;SOLUCION SUBLINGUAL
EAA;POLVO GRANULADO PARA RECONSTITUIR A SUSPENSION ORAL
BUPICURE-D;SOLUCION INYECTABLE
CA ATRA-10;CAPSULA
ALKACEL;POLVO PARA RECONSTITUIR
KANUMA;SOLUCION CONCENTRADA PARA PERFUSI?N
CYTALON;SOLUCION INYECTABLE
REVAC- B+;SUSPENSION INYECTABLE
DIATER;SOLUCION INYECTABLE
FOSCARNET;SOLUCION INYECTABLE
CHRYSANTA;POLVO LIOFILIZADO PARA RECONSTITUIR A SOLUCION INYECTABLE
VARAN FARMA;TABLETA
CAPRELSA;TABLETA
ONCO-BCG;POLVO LIOFILIZADO PARA RECONSTITUIR A SOLUCION INYECTABLE
CINRYZE;POLVO LIOFILIZADO PARA RECONSTITUIR A SOLUCION INYECTABLE
SYMDEKO;TABLETA
MEDICAR SUPPLY;SOLUCION INYECTABLE
KALYDECO;CAPSULA
BLUESSENS;SOLUCION INYECTABLE
ALLERGEAZE;CREMA
SILCOV;SUSPENSION INYECTABLE
THERDOSE;POLVO LIOFILIZADO PARA RECONSTITUIR A SOLUCION INYECTABLE
BETHANECHOL CHLORIDE;TABLETA
CARMUSTINA;POLVO LIOFILIZADO PARA RECONSTITUIR A SOLUCION INYECTABLE
BLUE BEAM;SOLUCION INYECTABLE
POLIVY;POLVO LIOFILIZADO PARA RECONSTITUIR A SOLUCION INYECTABLE
PROGLYCEM;SUSPENSION ORAL
LORVIQUA;TAB LETA
VITAFLOW;POLVO GRANULADO PARA RECONSTITUIR A SUSPENSION ORAL
HALAVEN;SOLUCION INYECTABLE
APXENTA;TABLETA
ONCO BCG;POLVO LIOFILIZADO PARA RECONSTITUIR A SUSPENSION PARA INSTILACION VESICAL
VENOX;POLVO LIOFILIZADO PARA RECONSTITUCI?N
ORKAMBI;TABLETA
REPREFARCO;SOLUCION INYECTABLE
MELFALAX 50;POLVO LIOFILIZADO PARA RECONSTITUIR A SOLUCION INYECTABLE
ISO SOLUTIONS;SOLUCION INYECTABLE
TEPAWEL;POLVO LIOFILIZADO PARA RECONSTITUIR A SOLUCION INYECTABLE
TARGRETIN;CAPSULA
CAYSTON;POLVO LIOFILIZADO PARA RECONSTITUIR A SOLUCION INYECTABLE
VYONDYS 53;SOLUCION INYECTABLE
VYNDAMAX;CAPSULA
SYPRINE;CAPSULA
GAMMARAAS;SOLUCION INYECTABLE
TOLVAPTAN;TABLETA
RIFADINE;POLVO LIOFILIZADO PARA RECONSTITUIR A SOLUCION INYECTABLE
CEVEC;POLVO LIOFILIZADO PARA RECONSTITUIR A SOLUCION INYECTABLE
INMUNOREL;SOLUCION INYECTABLE
LUFCUREN;SOLUCION INYECTABLE
ANCOBON;CAPSULA
LEADIANT;CAPSULA
NO REPORTADO;POLVO PARA RECONSTITUIR
VIRON;CAPSULA
NUCLEOFARMA;SOLUCION INYECTABLE
BUSLERA;SOLUCION INYECTABLE
MELFALAN;POLVO LIOFILIZADO PARA RECONSTITUIR A SOLUCION INYECTABLE
V-IMNUNE;SOLUCION INYECTABLE
LENVIMA;CAPSULA
SILTAFEL;EMULSION INYECTABLE
CYTAMAX;SOLUCION INYECTABLE
RADICAVA;SOLUCION INYECTABLE
CLOFZIMIN;CAPSULA
KALIOLITE;TABLETA
SUMA ACTIVA;TABLETA
MAYOPROFOL;EMULSION INYECTABLE
LYOTHYRONINE SODIUM;TABLETA
RAVICTI;SOLUCION ORAL
NO REPORTADO;POLVO PARA RECONSTITUIR A SUSPENSION ORAL
RELEFERON;SOLUCION INYECTABLE
NO REPORTADO;POLVO LIOFILIZADO
RECOMVAX B;SUSPENSION INYECTABLE
UROTONE;TABLETA
REVAC-B;SUSPENSION INYECTABLE
ORPHACOL;CAPSULA
IPNODIS MêDIS;SOLUCION INYECTABLE
ALCSOLUT;SOLUCION INYECTABLE
BENSITRAK;SOLUCION INYECTABLE
GENPROFOL;EMULSION INYECTABLE
QUIDRIFOL 1%;EMULSION INYECTABLE
HOLLAND GROUP;SOLUCION INYECTABLE
VITRAKVI;CAPSULA
KETAM;SOLUCION INYECTABLE
PRIDAM;SOLUCION INYECTABLE
RECOMVAX B;SOLUCION INYECTABLE
CRYSVITA;SOLUCION INYECTABLE
OPRESSIN;SOLUCION INYECTABLE
NO REPORTADO;POLVO LIOFILIZADO PARA RECONSTITUIR A SOLUCION PARA PERFUSI?N
CARNUMAX 100;POLVO LIOFILIZADO PARA RECONSTITUIR A SOLUCION INYECTABLE
CYCLOFEM;SUSPENSION INYECTABLE
LORVIQUA;CAPSULA
ECKERT ZIEGLER;SOLUCION INYECTABLE
PROPOFOL;EMULSION INYECTABLE
NODESCRON;SOLUCION INYECTABLE
CORTEF;TABLETA
VARAM FARMA;TABLETA
MEGAPROFOL;EMULSION INYECTABLE
NO REPORTADO;CONCENTRADO PARA SOLUCION PARA PERFUSI?N
ATROPISA;SOLUCION INYECTABLE
INTRON A;SOLUCION INYECTABLE
NOMBRE COMUN;SOLUCION INYECTABLE
HEALTH NET;SOLUCION INYECTABLE
ALKERAN;POLVO LIOFILIZADO PARA RECONSTITUIR A SOLUCION INYECTABLE
CYPLERSAMEX;SOLUCION INYECTABLE
VECURONIO;POLVO LIOFILIZADO PARA RECONSTITUIR A SOLUCION INYECTABLE
NO REPORTADO;EMULSION INYECTABLE
LANNETT CO INC;TABLETA
HERITAGE;SOLUCION INYECTABLE
RELATRAC;SOLUCION INYECTABLE
KRUNAMINA;SOLUCION INYECTABLE
CYTALON 500;SOLUCION INYECTABLE
CABOMETIX;TABLETA
OXITOPISA;SOLUCION INYECTABLE
TIROSINT;CAPSULA
ETHYMAL;CAPSULA
VESANOID;CAPSULA
CLORURO DE POTASIO;TABLETA
ARTERINA;SOLUCION INYECTABLE
ONCONASE 10;POLVO LIOFILIZADO PARA RECONSTITUIR A SOLUCION INYECTABLE
BIODOS;POLVO LIOFILIZADO PARA RECONSTITUIR A SOLUCION INYECTABLE
TRETINOINA;CAPSULA
CADILA HEALTHCARE LIMITED;SOLUCION INYECTABLE
RELAZEPAM;SOLUCION INYECTABLE
ARSENIN;SOLUCION INYECTABLE
ITHEMBA;SOLUCION INYECTABLE
URSOFALK;CAPSULA
CLEARTOCIN;SOLUCION INYECTABLE
ONCOTAR;SOLUCION INYECTABLE
RELACUM;SOLUCION INYECTABLE
UNITREXATE;SOLUCION INYECTABLE
CAYSTON;POLVO PARA NEBULIZAR
BUVACAINA PESADA;SOLUCION INYECTABLE
BUSULOMA;SOLUCION INYECTABLE
CARNITOR;TABLETA
BIOVEN MONO;SOLUCION INYECTABLE
CLORURO DE CALCIO;SOLUCION INYECTABLE
ARSEDN;SOLUCION INYECTABLE
FLUSYNERG;TABLETA
REMIFENTANILO;POLVO LIOFILIZADO PARA RECONSTITUIR A SOLUCION INYECTABLE
TEPADINA;POLVO PARA CONCENTRADO PARA SOLUCION PARA PERFUSI?N
INOVELON;TABLETA
POFOL;EMULSION INYECTABLE
BIOVEN;SOLUCION INYECTABLE PARA INFUSI?N
STRENSIQ;SOLUCION INYECTABLE
PENEPIN JUNIOR;SOLUCION INYECTABLE
SEDOZOLAM;SOLUCION INYECTABLE
NORADRENALINA;SOLUCION INYECTABLE
ROCUFINE;SOLUCION INYECTABLE
MEDZOL;SOLUCION INYECTABLE
NOVOTHYRAL;TABLETA
LEVOTIROXINA SODICA;POLVO LIOFILIZADO PARA RECONSTITUIR A SOLUCION INYECTABLE
SIGMAPHARM;TABLETA
NO REPORTADO;POLVO PARA RECONSTITUIR A SOLUCION ORAL
BIOMEDICAL PHARMA;POLVO LIOFILIZADO PARA RECONSTITUIR A SOLUCION INYECTABLE
ZOLAMID;SOLUCION INYECTABLE
STELARA;SOLUCION INYECTABLE
CHRYSANTA 3937;POLVO LIOFILIZADO PARA RECONSTITUIR A SOLUCION INYECTABLE
HB DADANTII;POLVO LIOFILIZADO PARA RECONSTITUIR A SOLUCION INYECTABLE
CYCLINEX-2;POLVO GRANULADO PARA RECONSTITUIR A SUSPENSION ORAL
PROCISBY;CAPSULA
LANNETT;CAPSULA
ITG;SOLUCION INYECTABLE
ERWINASE;POLVO LIOFILIZADO PARA RECONSTITUIR A SOLUCION INYECTABLE
BIOVEN;SOLUCION INYECTABLE
LHRH FERRING;SOLUCION INYECTABLE
VIATFLO;POLVO PARA RECONSTITUIR A SUSPENSION ORAL
ALKACEL 50;POLVO LIOFILIZADO PARA RECONSTITUIR A SOLUCION INYECTABLE
ADVANCE SCIENTIFIC;SOLUCION INYECTABLE
HAMELN;POLVO PARA RECONSTITUIR A SOLUCION INYECTABLE
RENTANIL;POLVO LIOFILIZADO PARA RECONSTITUIR A SOLUCION INYECTABLE
SETON;TABLETA
HB HUMAN;TABLETA
MEBATRIN;CAPSULA
DIAZEPAM;SOLUCION INYECTABLE
FENTANILO;SOLUCION INYECTABLE
MELPHALAN;POLVO LIOFILIZADO
PANZYGA;SOLUCION INYECTABLE
NARDIL;TABLETA
L-ORNITINA NM;POLVO PARA RECONSTI TUIR A SOLUCION ORAL
NIMBEX;SOLUCION INYECTABLE
LABORATORIOS BIOSANO;SOLUCION INYECTABLE
CUTAQUIG;SOLUCION INYECTABLE
CYCLOVERA;SUSPENSION INYECTABLE
STRENUUS MARKETING;SOLUCION INYECTABLE
CYCLOFEMINA;SUSPENSION INYECTABLE
REMIFENTANILO;SOLUCION INYECTABLE
HB HUMAN BIOSCIENCE - VIDAR;SOLUCION INYECTABLE
SPECTRON;SOLUCION INYECTABLE
VESPRINE;CAPSULA
DOXCUROM;POLVO LIOFILIZADO PARA RECONSTITUIR A SOLUCION INYECTABLE
ASADIN;SOLUCION INYECTABLE
QUINIDINE SULFATE;TABLETA
THERIZYN VP;POLVO LIOFILIZADO PARA RECONSTITUIR A SOLUCION INYECTABLE
CITRALEX;SOLUCION INYECTABLE
DANTRIUM;POLVO LIOFILIZADO PARA RECONSTITUIR A SOLUCION INYECTABLE
UXICOLIN;SOLUCION INYECTABLE
ESMERON;SOLUCION INYECTABLE
CYNOMEL;TABLETA
NITYR;TABLETA
MEGETRAL;SUSPENCION
EMCURE;SOLUCION INYECTABLE
KAPTO;TABLETA
NO REPORTADO;POLVO GRANULADO PARA RECONSTITUIR A SUSPENSION ORAL
POLIVAL-ICP;POLVO LIOFILIZADO PARA RECONSTITUIR A SOLUCION INYECTABLE
DANTROLEN;POLVO LIOFILIZADO PARA RECONSTITUIR A SOLUCION INYECTABLE
DAUNORRUBICIN;SOLUCION INYECTABLE
TVAPTAN;TABLETA
PIRIMETAMINA;TABLETA
VENCLYXTO;TABLETA
TUBERCULINA PPD;SOLUCION INYECTABLE
GLOBAL;TABLETA
RAVICTI;SOLUCION INYECTABLE
GENBIE;POLVO LIOFILIZADO PARA RECONSTITUIR A SOLUCION INYECTABLE
SILVER;TABLETA
L- ORNITINA NM;POLVO GRANULADO PARA RECONSTITUIR A SUSPENSION ORAL
KANUMA;POLVO CONCENTRADO PARA SOLUCION PARA INFUSION
TALOXA;SUSPENSION ORAL
SPINRAZA;SOLUCION INYECTABLE
BUSILVEX;SOLUCION INYECTABLE
SOMAVERT;POLVO LIOFILIZADO PARA RECONSTITUIR A SOLUCION INYECTABLE
HB HUMAN BIOSCIENCE;SOLUCION INYECTABLE
DYRENIUM;CAPSULA
ALECENSA;CAPSULA
LEUCOMA;SOLUCION INYECTABLE
LEUCOVORIN;SOLUCION INYECTABLE
STIVARGA;TABLETA
INTALFA;SOLUCION INYECTABLE
KABISULFAN;SOLUCION INYECTABLE
WATSON;TABLETA
BUCELON 60;SOLUCION INYECTABLE
PRIDONA;TABLETA
BAVENCIO;SOLUCION INYECTABLE
LEUCOREM;SOLUCION INYECTABLE
STRENUUS;POLVO LIOFILIZADO PARA RECONSTITUIR A SOLUCION INYECTABLE
STRENUUS MARKETING;CAPSULA
TILLOMED LAB;SOLUCION INYECTABLE
DABSON;TABLETA
ELMIRON;CAPSULA
SYLVANT;POLVO LIOFILIZADO PARA RECONSTITUIR A SOLUCION INYECTABLE
INNEFOL;SOLUCION INYECTABLE
K-LOR CON M20;TABLETA
VENCLEXTA;TABLETA
DAUNOXOME;SOLUCION INYECTABLE
CAYSTON;POLVO LIOFILIZADO PARA RECONSTITUIR A SOLUCION PARA NEBULIZADOR
SYNTOCINON;SOLUCION INYECTABLE
XYREM;SOLUCION ORAL
MEGARA;SUSPENCION
ADIENNE;POLVO LIOFILIZADO PARA RECONSTITUIR A SOLUCION INYECTABLE
EPIPEN JUNIOR;SOLUCION INYECTABLE
EDASTAR;SOLUCION INYECTABLE
CYTO Q;SOLUCION ORAL
K-LOR M20;TABLETA
FUNGISOME;SUSPENSION INYECTABLE
BRINEURA;SOLUCION INYECTABLE
ATALUREN;POLVO GRANULADO PARA RECONSTITUIR A SUSPENSION ORAL
DOTATOC;SOLUCION INYECTABLE
NARDELZINE;TABLETA
L-AMPHOSEVEN;POLVO LIOFILIZADO PARA RECONSTITUIR A SOLUCION INYECTABLE
STRENUUS;CAPSULA
RAVICIT;SOLUCION ORAL
TEVA;CAPSULA
AMBILIP;POLVO LIOFILIZADO PARA RECONSTITUIR A SOLUCION INYECTABLE
5 FLUCEL 500;SOLUCION INYECTABLE
INTRON A;POLVO PARA RECONSTITUIR
RADICUT;SOLUCION INYECTABLE
TREXOL;SOLUCION INYECTABLE
ICLUSIG;TABLETA
TRACETATE;SUSPENSION ORAL
ALCHILANTI;POLVO LIOFILIZADO PARA RECONSTITUIR A SOLUCION INYECTABLE
ARSITRI;SOLUCION INYECTABLE
NO TIENE;POLVO LIOFILIZADO PARA RECONSTITUIR A SOLUCION INYECTABLE
HAEMOCOMPLETTAN P;POLVO LIOFILIZADO PARA RECONSTITUIR A SOLUCION INYECTABLE
FOSCAVIR;SOLUCION INYECTABLE
TRIENTAB;CAPSULA
VITAMINA B2;CAPSULA
SPINRAZA;POLVO GRANULADO PARA RECONSTITUIR A SUSPENSION ORAL
VENETOCLAX;TABLETA
PISACAINA 2% CON EPINEFRINA;SOLUCION INYECTABLE
KANUMA;SOLUCION ORAL
METOPIRONE;TABLETA
STRENSIQ;SOLUCION
INTRON A;POLVO LIOFILIZADO PARA RECONSTITUIR A SOLUCION INYECTABLE
OXYCIN-10;SOLUCION INYECTABLE
K-LOR;TABLETA
SPINRAZA;POLVO LIOFILIZADO PARA RECONSTITUIR A SOLUCION INYECTABLE
FLUCEL;SOLUCION INYECTABLE
BLUMET;SOLUCION INYECTABLE
L-CARNITINA;SOLUCION ORAL
LUPIN;SOLUCION INYECTABLE
SOMAVERT;SOLUCION INYECTABLE
ELECARE JR;POLVO GRANULADO PARA RECONSTITUIR A SUSPENSION ORAL
AIO;SOLUCION INYECTABLE
FLUORAMED;SOLUCION INYECTABLE
SPECTRILA;POLVO LIOFILIZADO PARA RECONSTITUIR A SOLUCION INYECTABLE
RHOCLONE;SOLUCION INYECTABLE
PRO PHREE;POLVO LIOFILIZADO PARA RECONSTITUIR A SOLUCION INYECTABLE
CRYSVITA 20 mg;SOLUCION INYECTABLE
ASPARAGINASA ERWINIA 10000 UI POLVO LIOFILIZADO;POLVO LIOFILIZADO PARA RECONSTITUIR A SOLUCION INYECTABLE
SUXIMER;CAPSULA
ARKRAY - HOLLAND GROUP;SOLUCION INYECTABLE
DUPIXENT;SOLUCION INYECTABLE
ZEVALIN;SOLUCION INYECTABLE
TILLOMED;SOLUCION INYECTABLE
NEXT PHARMA;POLVO PARA DISOLUCION
CYTO Q;SOLUCION
SPIRANZA;POLVO LIOFILIZADO PARA RECONSTITUIR A SOLUCION INYECTABLE
RADN;SOLUCION INYECTABLE
5-FLUCEL 500;SOLUCION INYECTABLE
CYSTADROPS;SOLUCION
HB HUMAN BIOSCIENCE SAS;SOLUCION INYECTABLE
ADRENALINE;SOLUCION INYECTABLE
NOREPINEPHRINE;SOLUCION INYECTABLE
GEMEPE;SOLUCION INYECTABLE
PPD RT 23 SSI;SOLUCION INYECTABLE
NO REPORTADO;SOLUCION
BELSOMRA;TABLETA
FCV PHARMA & CAFONATE;POLVO LIOFILIZADO PARA RECONSTITUIR A SOLUCION INYECTABLE
COMFORA;CAPSULA
NEXT PHARMA;SOLUCION INYECTABLE
ADRENOR;SOLUCION INYECTABLE
RAVICTI;SOLUCION
SAMART LIFE;SOLUCION INYECTABLE
SUXILEP;CAPSULA
L-THYROXIN HENNING INJECT;POLVO LIOFILIZADO PARA RECONSTITUIR A SOLUCION INYECTABLE
VESALIUS;TABLETA
NUBLEXA;TABLETA
PETINIMIB;CAPSULA
CYSTADROPS;SOLUCION INYECTABLE
biomedical pharma ltda;SOLUCION INYECTABLE
NEXT PHARMA;POLVO LIOFILIZADO PARA RECONSTITUIR A SOLUCION INYECTABLE
TRANSLARNA;POLVO LIOFILIZADO PARA RECONSTITUIR A SOLUCION INYECTABLE
BELEODAQ;POLVO LIOFILIZADO PARA RECONSTITUIR A SOLUCION INYECTABLE
SANDOZ;TABLETA
ASPARIGINASA;POLVO LIOFILIZADO PARA RECONSTITUIR A SOLUCION INYECTABLE
NITROVIR;SOLUCION INYECTABLE
ZEJULA;TABLETA
CYTO Q;POLVO GRANULADO PARA RECONSTITUIR A SUSPENSION ORAL
CYTO B7;SUSPENSION ORAL
PENTODOL;CAPSULA
ONCOFLUOR;SOLUCION INYECTABLE
BRINEURA;POLVO LIOFILIZADO PARA RECONSTITUIR A SOLUCION INYECTABLE
VARITECT CP;SOLUCION
BUSLERA 60;SOLUCION INYECTABLE
CYTONINE;SUSPENSION ORAL
NORMOSANG;SOLUCION INYECTABLE
IBRANCE;CAPSULA
KISQALI;TABLETA
LEUCOVORIN CALCIUM;SOLUCION INYECTABLE
UNIFOLIN;SOLUCION INYECTABLE
ITG;SOLUCION
RYDAPT;CAPSULA
SUCCIMER;CAPSULA
PHENASEN;SOLUCION INYECTABLE
KANUMA;SOLUCION
CAYSTON;POLVO PARA DISOLUCION
NOR EPINEPH;SOLUCION INYECTABLE
CITRULINA;POLVO PARA DISOLUCION
CYCLINEX;POLVO PARA DISOLUCION
CYCLINEX;POLVO GRANULADO PARA RECONSTITUIR A SUSPENSION ORAL
AMNEAL;TABLETA
MITOTAME;TABLETA
TYREX-2;SUSPENSION ORAL
RHOPHYLAC;SOLUCION INYECTABLE
GLOBAL SERVICE PHARMACEUTICAL;CAPSULA
CINRIZE;POLVO LIOFILIZADO PARA RECONSTITUIR A SOLUCION INYECTABLE
VENENO DE HIMENEPTEROS;POLVO LIOFILIZADO PARA RECONSTITUIR A SOLUCION INYECTABLE
ITG;SOLUCION ORAL
RHOPYLAC;SOLUCION INYECTABLE
NICHI-IKO;SOLUCION INYECTABLE
OCREVUS;SOLUCION
MYSOLINE;TABLETA
ERWINASE;POLVO PARA DISOLUCION
NATULAN;CAPSULA
KINERET;SOLUCION INYECTABLE
BUSULFANO;SOLUCION INYECTABLE
LONSURF;TABLETA
LARTRUVO;SOLUCION INYECTABLE
KISPLYX;CAPSULA
CITRULINA;POLVO GRANULADO PARA RECONSTITUIR A SUSPENSION ORAL
ELMIRON;TABLETA
CYTOTINE;SOLUCION ORAL
SUXIM;POLVO LIOFILIZADO PARA RECONSTITUIR A SOLUCION INYECTABLE
LENVIMA;TABLETA
DAUNORUBICIN CITRATYE LIPOSOME INJECTION;CONCENTRADO PARA SOLUCION INYECTABLE POR INFUSI?N
STIVARGA;CAPSULA
REVESTIVE;POLVO LIOFILIZADO PARA RECONSTITUIR A SOLUCION INYECTABLE
ALVOGEN;TABLETA
GS-101;SOLUCION
ORFADIN;SUSPENSION ORAL
OVASTAT;POLVO CONCENTRADO PARA SOLUCION PARA INFUSION
FD;SOLUCION INYECTABLE
HB HUMAN;SOLUCION INYECTABLE
AGRYLIN;CAPSULA
METIN-DAP;POLVO LIOFILIZADO PARA RECONSTITUIR A SOLUCION INYECTABLE
DIATER POLIMERIZADO;SOLUCION INYECTABLE
CURENALINE;SOLUCION INYECTABLE
ARGININA NM;POLVO PARA DISOLUCION
AMBUTYRATE;POLVO PARA DISOLUCION
ALONAT;POLVO LIOFILIZADO PARA RECONSTITUIR A SOLUCION INYECTABLE
PISACAINA 1%;SOLUCION INYECTABLE
LYSODREN;CAPSULA
PRENAXINO;SOLUCION INYECTABLE
LUCAL;SOLUCION INYECTABLE
HORMONA LIBERADORA DE GODOTROPINA;SOLUCION INYECTABLE
FIBROGAMMIN;SOLUCION INYECTABLE
PRO-PHREE;POLVO GRANULADO PARA RECONSTITUIR A SUSPENSION ORAL
ZYKADIA;CAPSULA
1A PHARMA;TABLETA
AA PHARMA INC;TABLETA
ORFADIN;CAPSULA
ALXOID;SOLUCION INYECTABLE
DENTOCA?N SIMPLE;SOLUCION INYECTABLE
AVYCAZ;POLVO LIOFILIZADO PARA RECONSTITUIR A SOLUCION INYECTABLE
RICHET LABORATORIES;SOLUCION INYECTABLE
PROBENECID;TABLETA
CIDOFOVIR;SOLUCION INYECTABLE
THIOPLEX;POLVO LIOFILIZADO PARA RECONSTITUIR A SOLUCION INYECTABLE
HB HUMANCrisantaspasa;POLVO LIOFILIZADO PARA RECONSTITUIR A SOLUCION INYECTABLE
CYTO Q;SOLUCION INYECTABLE
NOZOMI;SOLUCION INYECTABLE
VITAMIN B2;CAPSULA
PROGLYCIM;SUSPENSION ORAL
HEMOLEVEN;POLVO LIOFILIZADO PARA RECONSTITUIR A SOLUCION INYECTABLE
LYMPARZA;CAPSULA
CINRYZE;POLVO GRANULADO PARA RECONSTITUIR A SUSPENSION ORAL
SURAMIN;SOLUCION INYECTABLE
MELARSOPROL;SOLUCION INYECTABLE
PENTAMIDINE;SOLUCION INYECTABLE
LIDOCAINA 1%;SOLUCION INYECTABLE
LEUCORIN;SOLUCION INYECTABLE
RUCONEST;POLVO LIOFILIZADO
JEXT;SOLUCION INYECTABLE
LYNPARZA;CAPSULA
ALPHACAINE 100;SOLUCION INYECTABLE
CYTO B2;POLVO PARA DISOLUCION
XALUPRINE;SUSPENSION ORAL
CYTOTINE;SOLUCION
SAMARTH LIFE SCIENCES P LTD;SOLUCION INYECTABLE
NUTRICION MEDICA SL;POLVO PARA DISOLUCION
DEFITELIO;SOLUCION
MAG3;POLVO LIOFILIZADO PARA RECONSTITUIR A SOLUCION INYECTABLE
NUTRICION MEDICA SL;POLVO GRANULADO PARA RECONSTITUIR A SUSPENSION ORAL
CINRYZE;SOLUCION INYECTABLE
K-PHOS NEUTRAL;SOLUCION ORAL
AMBUTYRATE;POLVO GRANULADO PARA RECONSTITUIR A SUSPENSION ORAL
AMARGINE;SOLUCION ORAL
ERWINASE;POLVO GRANULADO PARA RECONSTITUIR A SUSPENSION ORAL
METHOCEL 500;SOLUCION INYECTABLE
POLIVAL-ICP;SOLUCION INYECTABLE
OLAPARIB;TABLETA
BUPIVACAINA AL 4%;SOLUCION INYECTABLE
OCREVUS;SOLUCION INYECTABLE
K-LOR M20  SANDOZ;TABLETA
TURBOCAINA;SOLUCION INYECTABLE
CYRAMZA;SOLUCION INYECTABLE
DEFITELIO;SOLUCION INYECTABLE
LIDOCAINA;SOLUCION INYECTABLE
NITROCIN;SOLUCION INYECTABLE
DUPIXENT;SOLUCION
5-MTHF;CAPSULA
NEPHROMAG;POLVO LIOFILIZADO PARA RECONSTITUIR A SOLUCION INYECTABLE
LUCAL 50;SOLUCION INYECTABLE
Z-BLASTIN;SOLUCION INYECTABLE
ORNITINA;POLVO PARA DISOLUCION
VITAFLO;SUSPENSION ORAL
COQ-10;CAPSULA
ANAZAO;SOLUCION INYECTABLE
NO REPORTADO;KIT NO RADIOACTIVO, LIOFILIZADO PARA RADIOMARCAJE
ZEXATE;SOLUCION INYECTABLE
AMBUTYRATE;SOLUCION ORAL
TAGRISSO;TABLETA
OFEV;CAPSULA
HERITAGE;SOLUCION
CRH (ferring);POLVO LIOFILIZADO PARA RECONSTITUIR A SOLUCION INYECTABLE
CHOLBAM;CAPSULA
DIATER;SOLUCION
ASAC PHARMA;SOLUCION
